ParkName,ParkCode,PeriodID,Season,Period_StartDate,Period_EndDate,EventID,Event_StartDate,Event_EndDate
Buffalo National River,BUFF,BUFFRMINVE2005NOV29,2005,11/29/2005 0:00:00,12/14/2005 0:00:00,BUFFRMINVE2005DEC14,12/14/2005 0:00:00,12/14/2005 0:00:00
Buffalo National River,BUFF,BUFFRMINVE2005NOV29,2005,11/29/2005 0:00:00,12/14/2005 0:00:00,BUFFRMINVE2005DEC20,12/20/2005 0:00:00,12/20/2005 0:00:00
Buffalo National River,BUFF,BUFFRMINVE2005NOV29,2005,11/29/2005 0:00:00,12/14/2005 0:00:00,BUFFRMINVE2005NOV29,11/29/2005 0:00:00,11/29/2005 0:00:00
Buffalo National River,BUFF,BUFFRMINVE2005NOV29,2005,11/29/2005 0:00:00,12/14/2005 0:00:00,BUFFRMINVE2005NOV30,11/30/2005 0:00:00,11/30/2005 0:00:00
Buffalo National River,BUFF,BUFFRMINVE2005NOV29,2005,11/29/2005 0:00:00,12/14/2005 0:00:00,BUFFRMINVE2005DEC01,12/1/2005 0:00:00,12/1/2005 0:00:00
Buffalo National River,BUFF,BUFFRMINVE2007JAN04,2006,1/4/2007 0:00:00,2/22/2007 0:00:00,BUFFRMINVE2007JAN05,1/5/2007 0:00:00,1/5/2007 0:00:00
Buffalo National River,BUFF,BUFFRMINVE2007JAN04,2006,1/4/2007 0:00:00,2/22/2007 0:00:00,BUFFRMINVE2007JAN20,1/20/2007 0:00:00,1/20/2007 0:00:00
Buffalo National River,BUFF,BUFFRMINVE2007JAN04,2006,1/4/2007 0:00:00,2/22/2007 0:00:00,BUFFRMINVE2007JAN08,1/8/2007 0:00:00,1/8/2007 0:00:00
Buffalo National River,BUFF,BUFFRMINVE2007JAN04,2006,1/4/2007 0:00:00,2/22/2007 0:00:00,BUFFRMINVE2007JAN04,1/4/2007 0:00:00,1/4/2007 0:00:00
Buffalo National River,BUFF,BUFFRMINVE2007JAN04,2006,1/4/2007 0:00:00,2/22/2007 0:00:00,BUFFRMINVE2007FEB22,2/22/2007 0:00:00,2/22/2007 0:00:00
Buffalo National River,BUFF,BUFFRMINVE2007JAN04,2006,1/4/2007 0:00:00,2/22/2007 0:00:00,BUFFRMINVE2007FEB20,2/20/2007 0:00:00,2/20/2007 0:00:00
Buffalo National River,BUFF,BUFFRMINVE2007JAN04,2006,1/4/2007 0:00:00,2/22/2007 0:00:00,BUFFRMINVE2007FEB09,2/9/2007 0:00:00,2/9/2007 0:00:00
Buffalo National River,BUFF,BUFFRMINVE2007JAN04,2006,1/4/2007 0:00:00,2/22/2007 0:00:00,BUFFRMINVE2007FEB21,2/21/2007 0:00:00,2/21/2007 0:00:00
Buffalo National River,BUFF,BUFFRMINVE2007JAN04,2006,1/4/2007 0:00:00,2/22/2007 0:00:00,BUFFRMINVE2007JAN09,1/9/2007 0:00:00,1/9/2007 0:00:00
Buffalo National River,BUFF,BUFFRMINVE2007Nov26,2007,11/26/2007 0:00:00,1/23/2008 0:00:00,BUFFRMINVE2007Nov27,11/27/2007 0:00:00,11/27/2007 0:00:00
Buffalo National River,BUFF,BUFFRMINVE2007Nov26,2007,11/26/2007 0:00:00,1/23/2008 0:00:00,BUFFRMINVE2008Jan22,1/22/2008 0:00:00,1/22/2008 0:00:00
Buffalo National River,BUFF,BUFFRMINVE2007Nov26,2007,11/26/2007 0:00:00,1/23/2008 0:00:00,BUFFRMINVE2008Jan23,1/23/2008 0:00:00,1/23/2008 0:00:00
Buffalo National River,BUFF,BUFFRMINVE2007Nov26,2007,11/26/2007 0:00:00,1/23/2008 0:00:00,BUFFRMINVE2007Dec03,12/3/2007 0:00:00,12/3/2007 0:00:00
Buffalo National River,BUFF,BUFFRMINVE2007Nov26,2007,11/26/2007 0:00:00,1/23/2008 0:00:00,BUFFRMINVE2007Nov30,11/30/2007 0:00:00,11/30/2007 0:00:00
Buffalo National River,BUFF,BUFFRMINVE2007Nov26,2007,11/26/2007 0:00:00,1/23/2008 0:00:00,BUFFRMINVE2007Nov28,11/28/2007 0:00:00,11/28/2007 0:00:00
Buffalo National River,BUFF,BUFFRMINVE2007Nov26,2007,11/26/2007 0:00:00,1/23/2008 0:00:00,BUFFRMINVE2007Nov26,11/26/2007 0:00:00,11/26/2007 0:00:00
Buffalo National River,BUFF,BUFFRMINVE2007Nov26,2007,11/26/2007 0:00:00,1/23/2008 0:00:00,BUFFRMINVE2007Dec04,12/4/2007 0:00:00,12/4/2007 0:00:00
Buffalo National River,BUFF,BUFFRMINVE2007Nov26,2007,11/26/2007 0:00:00,1/23/2008 0:00:00,BUFFRMINVE2007Nov29,11/29/2007 0:00:00,11/29/2007 0:00:00
Buffalo National River,BUFF,BUFFRMINVE2008Dec02,2008,12/2/2008 0:00:00,2/18/2009 0:00:00,BUFFRMINVE2009Jan08,1/8/2009 0:00:00,1/8/2009 0:00:00
Buffalo National River,BUFF,BUFFRMINVE2008Dec02,2008,12/2/2008 0:00:00,2/18/2009 0:00:00,BUFFRMINVE2008Dec11,12/11/2008 0:00:00,12/11/2008 0:00:00
Buffalo National River,BUFF,BUFFRMINVE2008Dec02,2008,12/2/2008 0:00:00,2/18/2009 0:00:00,BUFFRMINVE2009Feb18,2/18/2009 0:00:00,2/18/2009 0:00:00
Buffalo National River,BUFF,BUFFRMINVE2008Dec02,2008,12/2/2008 0:00:00,2/18/2009 0:00:00,BUFFRMINVE2008Dec05,12/5/2008 0:00:00,12/5/2008 0:00:00
Buffalo National River,BUFF,BUFFRMINVE2008Dec02,2008,12/2/2008 0:00:00,2/18/2009 0:00:00,BUFFRMINVE2008Dec04,12/4/2008 0:00:00,12/4/2008 0:00:00
Buffalo National River,BUFF,BUFFRMINVE2008Dec02,2008,12/2/2008 0:00:00,2/18/2009 0:00:00,BUFFRMINVE2008Dec10,12/10/2008 0:00:00,12/10/2008 0:00:00
Buffalo National River,BUFF,BUFFRMINVE2008Dec02,2008,12/2/2008 0:00:00,2/18/2009 0:00:00,BUFFRMINVE2008Dec02,12/2/2008 0:00:00,12/2/2008 0:00:00
Buffalo National River,BUFF,BUFFRMINVE2008Dec02,2008,12/2/2008 0:00:00,2/18/2009 0:00:00,BUFFRMINVE2008Dec03,12/3/2008 0:00:00,12/3/2008 0:00:00
Buffalo National River,BUFF,BUFFRMINVE2009Dec07,2009,12/7/2009 0:00:00,1/21/2010 0:00:00,BUFFRMINVE2010Jan11,1/11/2010 0:00:00,1/11/2010 0:00:00
Buffalo National River,BUFF,BUFFRMINVE2009Dec07,2009,12/7/2009 0:00:00,1/21/2010 0:00:00,BUFFRMINVE2010Jan21,1/21/2010 0:00:00,1/21/2010 0:00:00
Buffalo National River,BUFF,BUFFRMINVE2009Dec07,2009,12/7/2009 0:00:00,1/21/2010 0:00:00,BUFFRMINVE2010Jan15,1/15/2010 0:00:00,1/15/2010 0:00:00
Buffalo National River,BUFF,BUFFRMINVE2009Dec07,2009,12/7/2009 0:00:00,1/21/2010 0:00:00,BUFFRMINVE2010Jan14,1/14/2010 0:00:00,1/14/2010 0:00:00
Buffalo National River,BUFF,BUFFRMINVE2009Dec07,2009,12/7/2009 0:00:00,1/21/2010 0:00:00,BUFFRMINVE2010Jan12,1/12/2010 0:00:00,1/12/2010 0:00:00
Buffalo National River,BUFF,BUFFRMINVE2009Dec07,2009,12/7/2009 0:00:00,1/21/2010 0:00:00,BUFFRMINVE2009Dec16,12/16/2009 0:00:00,12/16/2009 0:00:00
Buffalo National River,BUFF,BUFFRMINVE2009Dec07,2009,12/7/2009 0:00:00,1/21/2010 0:00:00,BUFFRMINVE2009Dec15,12/15/2009 0:00:00,12/15/2009 0:00:00
Buffalo National River,BUFF,BUFFRMINVE2009Dec07,2009,12/7/2009 0:00:00,1/21/2010 0:00:00,BUFFRMINVE2009Dec14,12/14/2009 0:00:00,12/14/2009 0:00:00
Buffalo National River,BUFF,BUFFRMINVE2009Dec07,2009,12/7/2009 0:00:00,1/21/2010 0:00:00,BUFFRMINVE2009Dec08,12/8/2009 0:00:00,12/8/2009 0:00:00
Buffalo National River,BUFF,BUFFRMINVE2009Dec07,2009,12/7/2009 0:00:00,1/21/2010 0:00:00,BUFFRMINVE2009Dec07,12/7/2009 0:00:00,12/7/2009 0:00:00
Buffalo National River,BUFF,BUFFRMINVE2010Nov29,2010,11/29/2010 0:00:00,12/1/2010 0:00:00,BUFFRMINVE2010Nov29,11/29/2010 0:00:00,11/29/2010 0:00:00
Buffalo National River,BUFF,BUFFRMINVE2010Nov29,2010,11/29/2010 0:00:00,12/1/2010 0:00:00,BUFFRMINVE2010Nov30,11/30/2010 0:00:00,11/30/2010 0:00:00
Buffalo National River,BUFF,BUFFRMINVE2010Nov29,2010,11/29/2010 0:00:00,12/1/2010 0:00:00,BUFFRMINVE2010Dec01,12/1/2010 0:00:00,12/1/2010 0:00:00
Buffalo National River,BUFF,BUFFRMINVE2011Dec01,2011,12/1/2011 0:00:00,1/18/2012 0:00:00,BUFFRMINVE2012Jan04,1/4/2012 0:00:00,1/4/2012 0:00:00
Buffalo National River,BUFF,BUFFRMINVE2011Dec01,2011,12/1/2011 0:00:00,1/18/2012 0:00:00,BUFFRMINVE2012Jan10,1/10/2012 0:00:00,1/10/2012 0:00:00
Buffalo National River,BUFF,BUFFRMINVE2011Dec01,2011,12/1/2011 0:00:00,1/18/2012 0:00:00,BUFFRMINVE2012Jan09,1/9/2012 0:00:00,1/9/2012 0:00:00
Buffalo National River,BUFF,BUFFRMINVE2011Dec01,2011,12/1/2011 0:00:00,1/18/2012 0:00:00,BUFFRMINVE2012Jan18,1/18/2012 0:00:00,1/18/2012 0:00:00
Buffalo National River,BUFF,BUFFRMINVE2011Dec01,2011,12/1/2011 0:00:00,1/18/2012 0:00:00,BUFFRMINVE2011Dec28,12/28/2011 0:00:00,12/28/2011 0:00:00
Buffalo National River,BUFF,BUFFRMINVE2011Dec01,2011,12/1/2011 0:00:00,1/18/2012 0:00:00,BUFFRMINVE2011Dec07,12/7/2011 0:00:00,12/7/2011 0:00:00
Buffalo National River,BUFF,BUFFRMINVE2011Dec01,2011,12/1/2011 0:00:00,1/18/2012 0:00:00,BUFFRMINVE2011Dec01,12/1/2011 0:00:00,12/1/2011 0:00:00
Buffalo National River,BUFF,BUFFRMINVE2011Dec01,2011,12/1/2011 0:00:00,1/18/2012 0:00:00,BUFFRMINVE2012Jan06,1/6/2012 0:00:00,1/6/2012 0:00:00
Buffalo National River,BUFF,BUFFRMINVE2011Dec01,2011,12/1/2011 0:00:00,1/18/2012 0:00:00,BUFFRMINVE2012Jan05,1/5/2012 0:00:00,1/5/2012 0:00:00
Buffalo National River,BUFF,BUFFRMINVE2013Nov21,2013,11/21/2013 0:00:00,2/19/2014 0:00:00,BUFFRMINVE2014Jan29,1/29/2014 0:00:00,1/29/2014 0:00:00
Buffalo National River,BUFF,BUFFRMINVE2013Nov21,2013,11/21/2013 0:00:00,2/19/2014 0:00:00,BUFFRMINVE2014Jan30,1/30/2014 0:00:00,1/30/2014 0:00:00
Buffalo National River,BUFF,BUFFRMINVE2013Nov21,2013,11/21/2013 0:00:00,2/19/2014 0:00:00,BUFFRMINVE2014Jan24,1/24/2014 0:00:00,1/24/2014 0:00:00
Buffalo National River,BUFF,BUFFRMINVE2013Nov21,2013,11/21/2013 0:00:00,2/19/2014 0:00:00,BUFFRMINVE2014Jan23,1/23/2014 0:00:00,1/23/2014 0:00:00
Buffalo National River,BUFF,BUFFRMINVE2013Nov21,2013,11/21/2013 0:00:00,2/19/2014 0:00:00,BUFFRMINVE2014Feb19,2/19/2014 0:00:00,2/19/2014 0:00:00
Buffalo National River,BUFF,BUFFRMINVE2013Nov21,2013,11/21/2013 0:00:00,2/19/2014 0:00:00,BUFFRMINVE2013Nov21,11/21/2013 0:00:00,11/21/2013 0:00:00
Buffalo National River,BUFF,BUFFRMINVE2013Nov21,2013,11/21/2013 0:00:00,2/19/2014 0:00:00,BUFFRMINVE2013Dec04,12/4/2013 0:00:00,12/4/2013 0:00:00
Buffalo National River,BUFF,BUFFRMINVE2013Nov21,2013,11/21/2013 0:00:00,2/19/2014 0:00:00,BUFFRMINVE2014Jan31,1/31/2014 0:00:00,1/31/2014 0:00:00
Buffalo National River,BUFF,BUFFRMINVE2015Nov23,2015,11/23/2015 0:00:00,12/18/2015 0:00:00,BUFFRMINVE2015Dec07,12/7/2015 0:00:00,12/7/2015 0:00:00
Buffalo National River,BUFF,BUFFRMINVE2015Nov23,2015,11/23/2015 0:00:00,12/18/2015 0:00:00,BUFFRMINVE2015Dec08,12/8/2015 0:00:00,12/8/2015 0:00:00
Buffalo National River,BUFF,BUFFRMINVE2015Nov23,2015,11/23/2015 0:00:00,12/18/2015 0:00:00,BUFFRMINVE2015Dec09,12/9/2015 0:00:00,12/9/2015 0:00:00
Buffalo National River,BUFF,BUFFRMINVE2015Nov23,2015,11/23/2015 0:00:00,12/18/2015 0:00:00,BUFFRMINVE2015Dec17,12/17/2015 0:00:00,12/17/2015 0:00:00
Buffalo National River,BUFF,BUFFRMINVE2015Nov23,2015,11/23/2015 0:00:00,12/18/2015 0:00:00,BUFFRMINVE2015Dec18,12/18/2015 0:00:00,12/18/2015 0:00:00
Buffalo National River,BUFF,BUFFRMINVE2015Nov23,2015,11/23/2015 0:00:00,12/18/2015 0:00:00,BUFFRMINVE2015Nov23,11/23/2015 0:00:00,11/23/2015 0:00:00
Buffalo National River,BUFF,BUFFRMINVE2015Nov23,2015,11/23/2015 0:00:00,12/18/2015 0:00:00,BUFFRMINVE2015Nov24,11/24/2015 0:00:00,11/24/2015 0:00:00
Buffalo National River,BUFF,BUFFRMINVE2017Nov15,2017,11/15/2017 0:00:00,12/8/2017 0:00:00,BUFFRMINVE2017Nov15,11/15/2017 0:00:00,11/15/2017 0:00:00
Buffalo National River,BUFF,BUFFRMINVE2017Nov15,2017,11/15/2017 0:00:00,12/8/2017 0:00:00,BUFFRMINVE2017Nov16,11/16/2017 0:00:00,11/16/2017 0:00:00
Buffalo National River,BUFF,BUFFRMINVE2017Nov15,2017,11/15/2017 0:00:00,12/8/2017 0:00:00,BUFFRMINVE2017Nov29,11/29/2017 0:00:00,11/29/2017 0:00:00
Buffalo National River,BUFF,BUFFRMINVE2017Nov15,2017,11/15/2017 0:00:00,12/8/2017 0:00:00,BUFFRMINVE2017Dec01,12/1/2017 0:00:00,12/1/2017 0:00:00
Buffalo National River,BUFF,BUFFRMINVE2017Nov15,2017,11/15/2017 0:00:00,12/8/2017 0:00:00,BUFFRMINVE2017Dec04,12/4/2017 0:00:00,12/4/2017 0:00:00
Buffalo National River,BUFF,BUFFRMINVE2017Nov15,2017,11/15/2017 0:00:00,12/8/2017 0:00:00,BUFFRMINVE2017Nov30,11/30/2017 0:00:00,11/30/2017 0:00:00
Buffalo National River,BUFF,BUFFRMINVE2017Nov15,2017,11/15/2017 0:00:00,12/8/2017 0:00:00,BUFFRMINVE2017Dec08,12/8/2017 0:00:00,12/8/2017 0:00:00
Buffalo National River,BUFF,BUFFRMINVE2019Nov04,2019,11/4/2019 0:00:00,11/21/2019 0:00:00,BUFFRMINVE2019Nov21,11/21/2019 0:00:00,11/21/2019 0:00:00
Buffalo National River,BUFF,BUFFRMINVE2019Nov04,2019,11/4/2019 0:00:00,11/21/2019 0:00:00,BUFFRMINVE2019Nov04,11/4/2019 0:00:00,11/4/2019 0:00:00
Buffalo National River,BUFF,BUFFRMINVE2019Nov04,2019,11/4/2019 0:00:00,11/21/2019 0:00:00,BUFFRMINVE2019Nov05,11/5/2019 0:00:00,11/5/2019 0:00:00
Buffalo National River,BUFF,BUFFRMINVE2019Nov04,2019,11/4/2019 0:00:00,11/21/2019 0:00:00,BUFFRMINVE2019Nov06,11/6/2019 0:00:00,11/6/2019 0:00:00
Buffalo National River,BUFF,BUFFRMINVE2019Nov04,2019,11/4/2019 0:00:00,11/21/2019 0:00:00,BUFFRMINVE2019Nov18,11/18/2019 0:00:00,11/18/2019 0:00:00
Buffalo National River,BUFF,BUFFRMINVE2019Nov04,2019,11/4/2019 0:00:00,11/21/2019 0:00:00,BUFFRMINVE2019Nov19,11/19/2019 0:00:00,11/19/2019 0:00:00
Buffalo National River,BUFF,BUFFRMINVE2019Nov04,2019,11/4/2019 0:00:00,11/21/2019 0:00:00,BUFFRMINVE2019Nov20,11/20/2019 0:00:00,11/20/2019 0:00:00
Buffalo National River,BUFF,BUFFRMINVE2021Nov01,2021,11/1/2021 0:00:00,11/10/2021 0:00:00,BUFFRMINVE2021Nov10,11/10/2021 0:00:00,11/10/2021 0:00:00
Buffalo National River,BUFF,BUFFRMINVE2021Nov01,2021,11/1/2021 0:00:00,11/10/2021 0:00:00,BUFFRMINVE2021Nov09,11/9/2021 0:00:00,11/9/2021 0:00:00
Buffalo National River,BUFF,BUFFRMINVE2021Nov01,2021,11/1/2021 0:00:00,11/10/2021 0:00:00,BUFFRMINVE2021Nov08,11/8/2021 0:00:00,11/8/2021 0:00:00
Buffalo National River,BUFF,BUFFRMINVE2021Nov01,2021,11/1/2021 0:00:00,11/10/2021 0:00:00,BUFFRMINVE2021Nov04,11/4/2021 0:00:00,11/4/2021 0:00:00
Buffalo National River,BUFF,BUFFRMINVE2021Nov01,2021,11/1/2021 0:00:00,11/10/2021 0:00:00,BUFFRMINVE2021Nov03,11/3/2021 0:00:00,11/3/2021 0:00:00
Buffalo National River,BUFF,BUFFRMINVE2021Nov01,2021,11/1/2021 0:00:00,11/10/2021 0:00:00,BUFFRMINVE2021Nov01,11/1/2021 0:00:00,11/1/2021 0:00:00
Buffalo National River,BUFF,BUFFRMINVE2021Nov01,2021,11/1/2021 0:00:00,11/10/2021 0:00:00,BUFFRMINVE2021Nov02,11/2/2021 0:00:00,11/2/2021 0:00:00
Buffalo National River,BUFF,BUFFRMINVE2023Nov01,2023,11/1/2023 0:00:00,11/14/2023 0:00:00,BUFFRMINVE2023Nov07,11/7/2023 0:00:00,11/7/2023 0:00:00
Buffalo National River,BUFF,BUFFRMINVE2023Nov01,2023,11/1/2023 0:00:00,11/14/2023 0:00:00,BUFFRMINVE2023Nov14,11/14/2023 0:00:00,11/14/2023 0:00:00
Buffalo National River,BUFF,BUFFRMINVE2023Nov01,2023,11/1/2023 0:00:00,11/14/2023 0:00:00,BUFFRMINVE2023Nov08,11/8/2023 0:00:00,11/8/2023 0:00:00
Buffalo National River,BUFF,BUFFRMINVE2023Nov01,2023,11/1/2023 0:00:00,11/14/2023 0:00:00,BUFFRMINVE2023Nov01,11/1/2023 0:00:00,11/1/2023 0:00:00
Buffalo National River,BUFF,BUFFRMINVE2023Nov01,2023,11/1/2023 0:00:00,11/14/2023 0:00:00,BUFFRMINVE2023Nov02,11/2/2023 0:00:00,11/2/2023 0:00:00
Buffalo National River,BUFF,BUFFRMINVE2023Nov01,2023,11/1/2023 0:00:00,11/14/2023 0:00:00,BUFFRMINVE2023Nov03,11/3/2023 0:00:00,11/3/2023 0:00:00
Buffalo National River,BUFF,BUFFRMINVE2023Nov01,2023,11/1/2023 0:00:00,11/14/2023 0:00:00,BUFFRMINVE2023Nov06,11/6/2023 0:00:00,11/6/2023 0:00:00
Effigy Mounds National Monument,EFMO,EFMOAqubug2008Jul09,2008,7/9/2008 0:00:00,7/9/2008 0:00:00,EFMOAqubug2008Jul09,7/9/2008 0:00:00,7/9/2008 0:00:00
Effigy Mounds National Monument,EFMO,EFMOAqubug2014Aug13,2014,8/13/2014 0:00:00,8/13/2014 0:00:00,EFMOAquBug2014Aug13,8/13/2014 0:00:00,8/13/2014 0:00:00
Effigy Mounds National Monument,EFMO,EFMOAquBug2017Jul18,2017,7/18/2017 0:00:00,7/18/2017 0:00:00,EFMOAquBug2017Jul18,7/18/2017 0:00:00,7/18/2017 0:00:00
Effigy Mounds National Monument,EFMO,EFMOAquBug2023Jul19,2023,7/19/2023 0:00:00,7/19/2023 0:00:00,EFMOAquBug2023Jul19,7/19/2023 0:00:00,7/19/2023 0:00:00
George Washington Carver National Monument,GWCA,GWCAAqubug2006Jun27,2006,6/27/2006 0:00:00,6/27/2006 0:00:00,GWCAAqubug2006Jun27,6/27/2006 0:00:00,6/27/2006 0:00:00
George Washington Carver National Monument,GWCA,GWCAAqubug2007Jun26,2007,6/26/2007 0:00:00,6/26/2007 0:00:00,GWCAAqubug2007Jun26,6/26/2007 0:00:00,6/26/2007 0:00:00
George Washington Carver National Monument,GWCA,GWCAAqubug2010May05,2010,5/5/2010 0:00:00,5/5/2010 0:00:00,GWCAAqubug2010May05,5/5/2010 0:00:00,5/5/2010 0:00:00
George Washington Carver National Monument,GWCA,GWCAAqubug2013May01,2013,5/1/2013 0:00:00,5/1/2013 0:00:00,GWCAAqubug2013May01,5/1/2013 0:00:00,5/1/2013 0:00:00
George Washington Carver National Monument,GWCA,GWCAAquBug2016May02,2016,5/2/2016 0:00:00,5/2/2016 0:00:00,GWCAAquBug2016May02,5/2/2016 0:00:00,5/2/2016 0:00:00
George Washington Carver National Monument,GWCA,GWCAAquBug2019May06,2019,5/6/2019 0:00:00,5/6/2019 0:00:00,GWCAAquBug2019May06,5/6/2019 0:00:00,5/6/2019 0:00:00
George Washington Carver National Monument,GWCA,GWCAAquBug2022May02,2022,5/2/2022 0:00:00,5/2/2022 0:00:00,GWCAAquBug2022May02,5/2/2022 0:00:00,5/2/2022 0:00:00
Herbert Hoover National Historic Site,HEHO,HEHOAqubug2008Jul07,2008,7/7/2008 0:00:00,7/7/2008 0:00:00,HEHOAqubug2008Jul07,7/7/2008 0:00:00,7/7/2008 0:00:00
Herbert Hoover National Historic Site,HEHO,HEHOAqubug2011Jul11,2011,7/11/2011 0:00:00,7/11/2011 0:00:00,HEHOAqubug2011Jul11,7/11/2011 0:00:00,7/11/2011 0:00:00
Herbert Hoover National Historic Site,HEHO,HEHOAqubug2014Aug01,2014,8/1/2014 0:00:00,8/1/2014 0:00:00,HEHOAquBug2014Aug01,8/1/2014 0:00:00,8/1/2014 0:00:00
Herbert Hoover National Historic Site,HEHO,HEHOAquBug2017Jul17,2017,7/17/2017 0:00:00,7/17/2017 0:00:00,HEHOAquBug2017Jul17,7/17/2017 0:00:00,7/17/2017 0:00:00
Herbert Hoover National Historic Site,HEHO,HEHOAquBug2021Jul26,2021,7/26/2021 0:00:00,7/28/2021 0:00:00,HEHOAquBug2021Jul26,7/26/2021 0:00:00,7/28/2021 0:00:00
Herbert Hoover National Historic Site,HEHO,HEHOAquBug2022Jul05,2022,7/5/2022 0:00:00,7/5/2023 0:00:00,HEHOAquBug2022Jul05,7/5/2022 0:00:00,7/5/2022 0:00:00
Herbert Hoover National Historic Site,HEHO,HEHOAquBug2023Jul17,2023,7/17/2023 0:00:00,7/17/2023 0:00:00,HEHOAquBug2023Jul17,7/17/2023 0:00:00,7/17/2023 0:00:00
Homestead National Historic Site,HOME,HOMEAqubug2006Aug10,2006,8/10/2006 0:00:00,8/10/2006 0:00:00,HOMEAqubug2006Aug10,8/10/2006 0:00:00,8/10/2006 0:00:00
Homestead National Historic Site,HOME,HOMEAqubug2006Sep07,2006,9/7/2006 0:00:00,9/7/2006 0:00:00,HOMEAqubug2006SEP07,9/7/2006 0:00:00,9/7/2006 0:00:00
Homestead National Historic Site,HOME,HOMEAqubug2007Aug10,2007,8/10/2007 0:00:00,8/10/2007 0:00:00,HOMEAqubug2007Aug10,8/10/2007 0:00:00,8/10/2007 0:00:00
Homestead National Historic Site,HOME,HOMEAqubug2008Aug27,2008,8/27/2008 0:00:00,8/27/2008 0:00:00,HOMEAqubug2008Aug27,8/27/2008 0:00:00,8/27/2008 0:00:00
Homestead National Historic Site,HOME,HOMEAqubug2009Sep13,2009,9/13/2009 0:00:00,9/15/2009 0:00:00,HOMEAqubug2009Sep13,9/13/2009 0:00:00,9/13/2009 0:00:00
Homestead National Historic Site,HOME,HOMEAqubug2009Sep13,2009,9/13/2009 0:00:00,9/15/2009 0:00:00,HOMEAqubug2009Sep15,9/15/2009 0:00:00,9/15/2009 0:00:00
Homestead National Historic Site,HOME,HOMEAqubug2010Aug05,2010,8/5/2010 0:00:00,8/5/2010 0:00:00,HOMEAqubug2010Aug05,8/5/2010 0:00:00,8/5/2010 0:00:00
Homestead National Historic Site,HOME,HOMEAqubug2010Sep10,2010,9/10/2010 0:00:00,9/10/2010 0:00:00,HOMEAqubug2010Sep10,9/10/2010 0:00:00,9/10/2010 0:00:00
Homestead National Historic Site,HOME,HOMEAqubug2011Aug30,2011,8/30/2011 0:00:00,8/30/2011 0:00:00,HOMEAqubug2011Aug30,8/30/2011 0:00:00,8/30/2011 0:00:00
Homestead National Historic Site,HOME,HOMEAqubug2012Aug30,2012,8/30/2012 0:00:00,8/30/2012 0:00:00,HOMEAqubug2012Aug30,8/30/2012 0:00:00,8/30/2012 0:00:00
Homestead National Historic Site,HOME,HOMEAqubug2013Sep06,2013,9/6/2013 0:00:00,9/6/2013 0:00:00,HOMEAquBug2013Sep06,9/6/2013 0:00:00,9/6/2013 0:00:00
Homestead National Historic Site,HOME,HOMEAqubug2014Sep09,2014,8/21/2014 0:00:00,9/9/2014 0:00:00,HOMEAquBug2014Sep09,8/21/2014 0:00:00,9/9/2014 0:00:00
Homestead National Historic Site,HOME,HOMEAquBug2015Aug15,2015,8/15/2015 0:00:00,9/16/2015 0:00:00,HOMEAquBug2015Aug15,8/15/2015 0:00:00,9/16/2015 0:00:00
Homestead National Historic Site,HOME,HOMEAquBug2016Aug06,2016,8/6/2016 0:00:00,9/6/2016 0:00:00,HOMEAquBug2016Aug06,8/6/2016 0:00:00,9/6/2016 0:00:00
Homestead National Historic Site,HOME,HOMEAquBug2017Sep08,2017,9/8/2017 0:00:00,9/11/2017 0:00:00,HOMEAquBug2017Sep11,9/11/2017 0:00:00,9/11/2017 0:00:00
Homestead National Historic Site,HOME,HOMEAquBug2017Sep08,2017,9/8/2017 0:00:00,9/11/2017 0:00:00,HOMEAquBug2017Sep08,9/8/2017 0:00:00,9/8/2017 0:00:00
Homestead National Historic Site,HOME,HOMEAquBug2020Sep16,2020,9/16/2020 0:00:00,9/16/2020 0:00:00,HOMEAquBug2020Sep16,9/16/2020 0:00:00,9/16/2020 0:00:00
Homestead National Historic Site,HOME,HOMEAquBug2022Sep13,2022,9/13/2022 0:00:00,9/13/2022 0:00:00,HOMEAquBug2022Sep13,9/13/2022 0:00:00,9/13/2022 0:00:00
Homestead National Historic Site,HOME,HOMEAquBug2023Sep06,2023,9/6/2023 0:00:00,9/6/2023 0:00:00,HOMEAquBug2023Sep06,9/6/2023 0:00:00,9/6/2023 0:00:00
Hot Springs National Park,HOSP,HOSPAquabug2015Jul07,2015,7/7/2015 0:00:00,7/7/2015 0:00:00,HOSPAquBug2015Jul07,7/7/2015 0:00:00,7/7/2015 0:00:00
Hot Springs National Park,HOSP,HOSPAqubug2009Jun16,2009,6/16/2009 0:00:00,6/16/2009 0:00:00,HOSPAqubug2009Jun16,6/16/2009 0:00:00,6/16/2009 0:00:00
Hot Springs National Park,HOSP,HOSPAqubug2009Jun17,2009,6/17/2009 0:00:00,6/17/2009 0:00:00,HOSPAqubug2009Jun17,6/17/2009 0:00:00,6/17/2009 0:00:00
Hot Springs National Park,HOSP,HOSPAqubug2012Jul10,2012,7/10/2012 0:00:00,7/10/2012 0:00:00,HOSPAqubug2012Jul10,7/10/2012 0:00:00,7/10/2012 0:00:00
Hot Springs National Park,HOSP,HOSPAquBug2018Jul09,2018,7/9/2018 0:00:00,7/9/2018 0:00:00,HOSPAquBug2018Jul09,7/9/2018 0:00:00,7/9/2018 0:00:00
Ozark National Scenic Riverways,OZAR,OZARRMINVE2006JAN03,2005,1/3/2006 0:00:00,1/24/2006 0:00:00,OZARRMINVE2006JAN20,1/20/2006 0:00:00,1/20/2006 0:00:00
Ozark National Scenic Riverways,OZAR,OZARRMINVE2006JAN03,2005,1/3/2006 0:00:00,1/24/2006 0:00:00,OZARRMINVE2006JAN04,1/4/2006 0:00:00,1/4/2006 0:00:00
Ozark National Scenic Riverways,OZAR,OZARRMINVE2006JAN03,2005,1/3/2006 0:00:00,1/24/2006 0:00:00,OZARRMINVE2006JAN05,1/5/2006 0:00:00,1/5/2006 0:00:00
Ozark National Scenic Riverways,OZAR,OZARRMINVE2006JAN03,2005,1/3/2006 0:00:00,1/24/2006 0:00:00,OZARRMINVE2006JAN10,1/10/2006 0:00:00,1/10/2006 0:00:00
Ozark National Scenic Riverways,OZAR,OZARRMINVE2006JAN03,2005,1/3/2006 0:00:00,1/24/2006 0:00:00,OZARRMINVE2006JAN11,1/11/2006 0:00:00,1/11/2006 0:00:00
Ozark National Scenic Riverways,OZAR,OZARRMINVE2006JAN03,2005,1/3/2006 0:00:00,1/24/2006 0:00:00,OZARRMINVE2006JAN12,1/12/2006 0:00:00,1/12/2006 0:00:00
Ozark National Scenic Riverways,OZAR,OZARRMINVE2006JAN03,2005,1/3/2006 0:00:00,1/24/2006 0:00:00,OZARRMINVE2006JAN18,1/18/2006 0:00:00,1/18/2006 0:00:00
Ozark National Scenic Riverways,OZAR,OZARRMINVE2006JAN03,2005,1/3/2006 0:00:00,1/24/2006 0:00:00,OZARRMINVE2006JAN24,1/24/2006 0:00:00,1/24/2006 0:00:00
Ozark National Scenic Riverways,OZAR,OZARRMINVE2006JAN03,2005,1/3/2006 0:00:00,1/24/2006 0:00:00,OZARRMINVE2006JAN03,1/3/2006 0:00:00,1/3/2006 0:00:00
Ozark National Scenic Riverways,OZAR,OZARRMINVE2006NOV14,2006,11/14/2006 0:00:00,12/19/2006 0:00:00,OZARRMINVE2006DEC18,12/18/2006 0:00:00,12/18/2006 0:00:00
Ozark National Scenic Riverways,OZAR,OZARRMINVE2006NOV14,2006,11/14/2006 0:00:00,12/19/2006 0:00:00,OZARRMINVE2006NOV14,11/14/2006 0:00:00,11/14/2006 0:00:00
Ozark National Scenic Riverways,OZAR,OZARRMINVE2006NOV14,2006,11/14/2006 0:00:00,12/19/2006 0:00:00,OZARRMINVE2006DEC12,12/12/2006 0:00:00,12/12/2006 0:00:00
Ozark National Scenic Riverways,OZAR,OZARRMINVE2006NOV14,2006,11/14/2006 0:00:00,12/19/2006 0:00:00,OZARRMINVE2006DEC14,12/14/2006 0:00:00,12/14/2006 0:00:00
Ozark National Scenic Riverways,OZAR,OZARRMINVE2006NOV14,2006,11/14/2006 0:00:00,12/19/2006 0:00:00,OZARRMINVE2006DEC19,12/19/2006 0:00:00,12/19/2006 0:00:00
Ozark National Scenic Riverways,OZAR,OZARRMINVE2006NOV14,2006,11/14/2006 0:00:00,12/19/2006 0:00:00,OZARRMINVE2006DEC22,12/22/2006 0:00:00,12/22/2006 0:00:00
Ozark National Scenic Riverways,OZAR,OZARRMINVE2006NOV14,2006,11/14/2006 0:00:00,12/19/2006 0:00:00,OZARRMINVE2006DEC13,12/13/2006 0:00:00,12/13/2006 0:00:00
Ozark National Scenic Riverways,OZAR,OZARRMINVE2006NOV14,2006,11/14/2006 0:00:00,12/19/2006 0:00:00,OZARRMINVE2006NOV15,11/15/2006 0:00:00,11/15/2006 0:00:00
Ozark National Scenic Riverways,OZAR,OZARRMINVE2007Nov01,2007,11/1/2007 0:00:00,11/14/2007 0:00:00,OZARRMINVE2007Nov02,11/2/2007 0:00:00,11/2/2007 0:00:00
Ozark National Scenic Riverways,OZAR,OZARRMINVE2007Nov01,2007,11/1/2007 0:00:00,11/14/2007 0:00:00,OZARRMINVE2007Nov08,11/8/2007 0:00:00,11/8/2007 0:00:00
Ozark National Scenic Riverways,OZAR,OZARRMINVE2007Nov01,2007,11/1/2007 0:00:00,11/14/2007 0:00:00,OZARRMINVE2007Nov09,11/9/2007 0:00:00,11/9/2007 0:00:00
Ozark National Scenic Riverways,OZAR,OZARRMINVE2007Nov01,2007,11/1/2007 0:00:00,11/14/2007 0:00:00,OZARRMINVE2007Nov13,11/13/2007 0:00:00,11/13/2007 0:00:00
Ozark National Scenic Riverways,OZAR,OZARRMINVE2007Nov01,2007,11/1/2007 0:00:00,11/14/2007 0:00:00,OZARRMINVE2007Nov14,11/14/2007 0:00:00,11/14/2007 0:00:00
Ozark National Scenic Riverways,OZAR,OZARRMINVE2007Nov01,2007,11/1/2007 0:00:00,11/14/2007 0:00:00,OZARRMINVE2007Nov05,11/5/2007 0:00:00,11/5/2007 0:00:00
Ozark National Scenic Riverways,OZAR,OZARRMINVE2007Nov01,2007,11/1/2007 0:00:00,11/14/2007 0:00:00,OZARRMINVE2007Nov06,11/6/2007 0:00:00,11/6/2007 0:00:00
Ozark National Scenic Riverways,OZAR,OZARRMINVE2007Nov01,2007,11/1/2007 0:00:00,11/14/2007 0:00:00,OZARRMINVE2007Nov07,11/7/2007 0:00:00,11/7/2007 0:00:00
Ozark National Scenic Riverways,OZAR,OZARRMINVE2007Nov01,2007,11/1/2007 0:00:00,11/14/2007 0:00:00,OZARRMINVE2007Nov01,11/1/2007 0:00:00,11/1/2007 0:00:00
Ozark National Scenic Riverways,OZAR,OZARRMINVE2008Nov05,2008,11/5/2008 0:00:00,11/21/2008 0:00:00,OZARRMINVE2008Nov21,11/21/2008 0:00:00,11/21/2008 0:00:00
Ozark National Scenic Riverways,OZAR,OZARRMINVE2008Nov05,2008,11/5/2008 0:00:00,11/21/2008 0:00:00,OZARRMINVE2008Nov13,11/13/2008 0:00:00,11/13/2008 0:00:00
Ozark National Scenic Riverways,OZAR,OZARRMINVE2008Nov05,2008,11/5/2008 0:00:00,11/21/2008 0:00:00,OZARRMINVE2008Nov05,11/5/2008 0:00:00,11/5/2008 0:00:00
Ozark National Scenic Riverways,OZAR,OZARRMINVE2008Nov05,2008,11/5/2008 0:00:00,11/21/2008 0:00:00,OZARRMINVE2008Nov12,11/12/2008 0:00:00,11/12/2008 0:00:00
Ozark National Scenic Riverways,OZAR,OZARRMINVE2008Nov05,2008,11/5/2008 0:00:00,11/21/2008 0:00:00,OZARRMINVE2008Nov07,11/7/2008 0:00:00,11/7/2008 0:00:00
Ozark National Scenic Riverways,OZAR,OZARRMINVE2008Nov05,2008,11/5/2008 0:00:00,11/21/2008 0:00:00,OZARRMINVE2008Nov06,11/6/2008 0:00:00,11/6/2008 0:00:00
Ozark National Scenic Riverways,OZAR,OZARRMINVE2008Nov05,2008,11/5/2008 0:00:00,11/21/2008 0:00:00,OZARRMINVE2008Nov20,11/20/2008 0:00:00,11/20/2008 0:00:00
Ozark National Scenic Riverways,OZAR,OZARRMINVE2009Nov06,2009,11/6/2009 0:00:00,12/3/2009 0:00:00,OZARRMINVE2009Nov09,11/9/2009 0:00:00,11/9/2009 0:00:00
Ozark National Scenic Riverways,OZAR,OZARRMINVE2009Nov06,2009,11/6/2009 0:00:00,12/3/2009 0:00:00,OZARRMINVE2009Nov24,11/24/2009 0:00:00,11/24/2009 0:00:00
Ozark National Scenic Riverways,OZAR,OZARRMINVE2009Nov06,2009,11/6/2009 0:00:00,12/3/2009 0:00:00,OZARRMINVE2009Nov10,11/10/2009 0:00:00,11/10/2009 0:00:00
Ozark National Scenic Riverways,OZAR,OZARRMINVE2009Nov06,2009,11/6/2009 0:00:00,12/3/2009 0:00:00,OZARRMINVE2009Nov06,11/6/2009 0:00:00,11/6/2009 0:00:00
Ozark National Scenic Riverways,OZAR,OZARRMINVE2009Nov06,2009,11/6/2009 0:00:00,12/3/2009 0:00:00,OZARRMINVE2009Dec03,12/3/2009 0:00:00,12/3/2009 0:00:00
Ozark National Scenic Riverways,OZAR,OZARRMINVE2009Nov06,2009,11/6/2009 0:00:00,12/3/2009 0:00:00,OZARRMINVE2009Dec02,12/2/2009 0:00:00,12/2/2009 0:00:00
Ozark National Scenic Riverways,OZAR,OZARRMINVE2009Nov06,2009,11/6/2009 0:00:00,12/3/2009 0:00:00,OZARRMINVE2009Nov12,11/12/2009 0:00:00,11/12/2009 0:00:00
Ozark National Scenic Riverways,OZAR,OZARRMINVE2010Nov03,2010,11/3/2010 0:00:00,11/3/2010 0:00:00,OZARRMINVE2010Nov03,11/3/2010 0:00:00,11/3/2010 0:00:00
Ozark National Scenic Riverways,OZAR,OZARRMINVE2010Nov03,2010,11/3/2010 0:00:00,11/3/2010 0:00:00,OZARRMINVE2010Nov04,11/4/2010 0:00:00,11/4/2010 0:00:00
Ozark National Scenic Riverways,OZAR,OZARRMINVE2010Nov03,2010,11/3/2010 0:00:00,11/3/2010 0:00:00,OZARRMINVE2010Nov11,11/11/2010 0:00:00,11/11/2010 0:00:00
Ozark National Scenic Riverways,OZAR,OZARRMINVE2012Nov13,2012,11/13/2012 0:00:00,12/5/2012 0:00:00,OZARRMINVE2012Nov15,11/15/2012 0:00:00,11/15/2012 0:00:00
Ozark National Scenic Riverways,OZAR,OZARRMINVE2012Nov13,2012,11/13/2012 0:00:00,12/5/2012 0:00:00,OZARRMINVE2012Nov27,11/27/2012 0:00:00,11/27/2012 0:00:00
Ozark National Scenic Riverways,OZAR,OZARRMINVE2012Nov13,2012,11/13/2012 0:00:00,12/5/2012 0:00:00,OZARRMINVE2012Nov28,11/28/2012 0:00:00,11/28/2012 0:00:00
Ozark National Scenic Riverways,OZAR,OZARRMINVE2012Nov13,2012,11/13/2012 0:00:00,12/5/2012 0:00:00,OZARRMINVE2012Nov13,11/13/2012 0:00:00,11/13/2012 0:00:00
Ozark National Scenic Riverways,OZAR,OZARRMINVE2012Nov13,2012,11/13/2012 0:00:00,12/5/2012 0:00:00,OZARRMINVE2012Nov29,11/29/2012 0:00:00,11/29/2012 0:00:00
Ozark National Scenic Riverways,OZAR,OZARRMINVE2012Nov13,2012,11/13/2012 0:00:00,12/5/2012 0:00:00,OZARRMINVE2012Dec05,12/5/2012 0:00:00,12/5/2012 0:00:00
Ozark National Scenic Riverways,OZAR,OZARRMINVE2012Nov13,2012,11/13/2012 0:00:00,12/5/2012 0:00:00,OZARRMINVE2012Dec04,12/4/2012 0:00:00,12/4/2012 0:00:00
Ozark National Scenic Riverways,OZAR,OZARRMINVE2012Nov13,2012,11/13/2012 0:00:00,12/5/2012 0:00:00,OZARRMINVE2012Nov14,11/14/2012 0:00:00,11/14/2012 0:00:00
Ozark National Scenic Riverways,OZAR,OZARRMINVE2014Nov05,2014,11/5/2014 0:00:00,11/19/2014 0:00:00,OZARRMINVE2014Nov13,11/13/2014 0:00:00,11/13/2014 0:00:00
Ozark National Scenic Riverways,OZAR,OZARRMINVE2014Nov05,2014,11/5/2014 0:00:00,11/19/2014 0:00:00,OZARRMINVE2014Nov18,11/18/2014 0:00:00,11/18/2014 0:00:00
Ozark National Scenic Riverways,OZAR,OZARRMINVE2014Nov05,2014,11/5/2014 0:00:00,11/19/2014 0:00:00,OZARRMINVE2014Nov12,11/12/2014 0:00:00,11/12/2014 0:00:00
Ozark National Scenic Riverways,OZAR,OZARRMINVE2014Nov05,2014,11/5/2014 0:00:00,11/19/2014 0:00:00,OZARRMINVE2014Nov07,11/7/2014 0:00:00,11/7/2014 0:00:00
Ozark National Scenic Riverways,OZAR,OZARRMINVE2014Nov05,2014,11/5/2014 0:00:00,11/19/2014 0:00:00,OZARRMINVE2014Nov06,11/6/2014 0:00:00,11/6/2014 0:00:00
Ozark National Scenic Riverways,OZAR,OZARRMINVE2014Nov05,2014,11/5/2014 0:00:00,11/19/2014 0:00:00,OZARRMINVE2014Nov05,11/5/2014 0:00:00,11/5/2014 0:00:00
Ozark National Scenic Riverways,OZAR,OZARRMINVE2014Nov05,2014,11/5/2014 0:00:00,11/19/2014 0:00:00,OZARRMINVE2014Nov19,11/19/2014 0:00:00,11/19/2014 0:00:00
Ozark National Scenic Riverways,OZAR,OZARRMINVE2016Nov01,2016,11/1/2016 0:00:00,11/10/2016 0:00:00,OZARRMINVE2016Nov01,11/1/2016 0:00:00,11/1/2016 0:00:00
Ozark National Scenic Riverways,OZAR,OZARRMINVE2016Nov01,2016,11/1/2016 0:00:00,11/10/2016 0:00:00,OZARRMINVE2016Nov02,11/2/2016 0:00:00,11/2/2016 0:00:00
Ozark National Scenic Riverways,OZAR,OZARRMINVE2016Nov01,2016,11/1/2016 0:00:00,11/10/2016 0:00:00,OZARRMINVE2016Nov03,11/3/2016 0:00:00,11/3/2016 0:00:00
Ozark National Scenic Riverways,OZAR,OZARRMINVE2016Nov01,2016,11/1/2016 0:00:00,11/10/2016 0:00:00,OZARRMINVE2016Nov04,11/4/2016 0:00:00,11/4/2016 0:00:00
Ozark National Scenic Riverways,OZAR,OZARRMINVE2016Nov01,2016,11/1/2016 0:00:00,11/10/2016 0:00:00,OZARRMINVE2016Nov09,11/9/2016 0:00:00,11/9/2016 0:00:00
Ozark National Scenic Riverways,OZAR,OZARRMINVE2016Nov01,2016,11/1/2016 0:00:00,11/10/2016 0:00:00,OZARRMINVE2016Nov10,11/10/2016 0:00:00,11/10/2016 0:00:00
Ozark National Scenic Riverways,OZAR,OZARRMINVE2018Nov07,2018,11/7/2018 0:00:00,11/20/2018 0:00:00,OZARRMINVE2018Nov13,11/13/2018 0:00:00,11/13/2018 0:00:00
Ozark National Scenic Riverways,OZAR,OZARRMINVE2018Nov07,2018,11/7/2018 0:00:00,11/20/2018 0:00:00,OZARRMINVE2018Nov19,11/19/2018 0:00:00,11/19/2018 0:00:00
Ozark National Scenic Riverways,OZAR,OZARRMINVE2018Nov07,2018,11/7/2018 0:00:00,11/20/2018 0:00:00,OZARRMINVE2018Nov08,11/8/2018 0:00:00,11/8/2018 0:00:00
Ozark National Scenic Riverways,OZAR,OZARRMINVE2018Nov07,2018,11/7/2018 0:00:00,11/20/2018 0:00:00,OZARRMINVE2018Nov07,11/7/2018 0:00:00,11/7/2018 0:00:00
Ozark National Scenic Riverways,OZAR,OZARRMINVE2018Nov07,2018,11/7/2018 0:00:00,11/20/2018 0:00:00,OZARRMINVE2018Nov20,11/20/2018 0:00:00,11/20/2018 0:00:00
Ozark National Scenic Riverways,OZAR,OZARRMINVE2018Nov07,2018,11/7/2018 0:00:00,11/20/2018 0:00:00,OZARRMINVE2018Nov09,11/9/2018 0:00:00,11/9/2018 0:00:00
Ozark National Scenic Riverways,OZAR,OZARRMINVE2020Nov17,2020,11/17/2020 0:00:00,1/14/2021 0:00:00,OZARRMINVE2021Jan05,1/5/2021 0:00:00,1/5/2021 0:00:00
Ozark National Scenic Riverways,OZAR,OZARRMINVE2020Nov17,2020,11/17/2020 0:00:00,1/14/2021 0:00:00,OZARRMINVE2021Jan14,1/14/2021 0:00:00,1/14/2021 0:00:00
Ozark National Scenic Riverways,OZAR,OZARRMINVE2020Nov17,2020,11/17/2020 0:00:00,1/14/2021 0:00:00,OZARRMINVE2021Jan08,1/8/2021 0:00:00,1/8/2021 0:00:00
Ozark National Scenic Riverways,OZAR,OZARRMINVE2020Nov17,2020,11/17/2020 0:00:00,1/14/2021 0:00:00,OZARRMINVE2020Nov30,11/30/2020 0:00:00,11/30/2020 0:00:00
Ozark National Scenic Riverways,OZAR,OZARRMINVE2020Nov17,2020,11/17/2020 0:00:00,1/14/2021 0:00:00,OZARRMINVE2020Nov19,11/19/2020 0:00:00,11/19/2020 0:00:00
Ozark National Scenic Riverways,OZAR,OZARRMINVE2020Nov17,2020,11/17/2020 0:00:00,1/14/2021 0:00:00,OZARRMINVE2020Nov17,11/17/2020 0:00:00,11/17/2020 0:00:00
Ozark National Scenic Riverways,OZAR,OZARRMINVE2020Nov17,2020,11/17/2020 0:00:00,1/14/2021 0:00:00,OZARRMINVE2020Dec11,12/11/2020 0:00:00,12/11/2020 0:00:00
Ozark National Scenic Riverways,OZAR,OZARRMINVE2020Nov17,2020,11/17/2020 0:00:00,1/14/2021 0:00:00,OZARRMINVE2020Dec10,12/10/2020 0:00:00,12/10/2020 0:00:00
Ozark National Scenic Riverways,OZAR,OZARRMINVE2020Nov17,2020,11/17/2020 0:00:00,1/14/2021 0:00:00,OZARRMINVE2020Dec08,12/8/2020 0:00:00,12/8/2020 0:00:00
Ozark National Scenic Riverways,OZAR,OZARRMINVE2020Nov17,2020,11/17/2020 0:00:00,1/14/2021 0:00:00,OZARRMINVE2020Dec01,12/1/2020 0:00:00,12/1/2020 0:00:00
Ozark National Scenic Riverways,OZAR,OZARRMINVE2020Nov17,2020,11/17/2020 0:00:00,1/14/2021 0:00:00,OZARRMINVE2021Jan11,1/11/2021 0:00:00,1/11/2021 0:00:00
Ozark National Scenic Riverways,OZAR,OZARRMINVE2022Oct25,2022,10/25/2022 0:00:00,11/4/2022 0:00:00,OZARRMINVE2022Nov03,11/3/2022 0:00:00,11/3/2022 0:00:00
Ozark National Scenic Riverways,OZAR,OZARRMINVE2022Oct25,2022,10/25/2022 0:00:00,11/4/2022 0:00:00,OZARRMINVE2022Nov04,11/4/2022 0:00:00,11/4/2022 0:00:00
Ozark National Scenic Riverways,OZAR,OZARRMINVE2022Oct25,2022,10/25/2022 0:00:00,11/4/2022 0:00:00,OZARRMINVE2022Oct25,10/25/2022 0:00:00,10/25/2022 0:00:00
Ozark National Scenic Riverways,OZAR,OZARRMINVE2022Oct25,2022,10/25/2022 0:00:00,11/4/2022 0:00:00,OZARRMINVE2022Oct26,10/26/2022 0:00:00,10/26/2022 0:00:00
Ozark National Scenic Riverways,OZAR,OZARRMINVE2022Oct25,2022,10/25/2022 0:00:00,11/4/2022 0:00:00,OZARRMINVE2022Oct27,10/27/2022 0:00:00,10/27/2022 0:00:00
Ozark National Scenic Riverways,OZAR,OZARRMINVE2022Oct25,2022,10/25/2022 0:00:00,11/4/2022 0:00:00,OZARRMINVE2022Oct28,10/28/2022 0:00:00,10/28/2022 0:00:00
Ozark National Scenic Riverways,OZRS,OZRSSPRNGS2007Jul23,2007,7/23/2007 0:00:00,8/1/2007 0:00:00,OZRSSPRNGS2007Aug01,8/1/2007 0:00:00,8/1/2007 0:00:00
Ozark National Scenic Riverways,OZRS,OZRSSPRNGS2007Jul23,2007,7/23/2007 0:00:00,8/1/2007 0:00:00,OZRSSPRNGS2007Jul31,7/31/2007 0:00:00,7/31/2007 0:00:00
Ozark National Scenic Riverways,OZRS,OZRSSPRNGS2007Jul23,2007,7/23/2007 0:00:00,8/1/2007 0:00:00,OZRSSPRNGS2007Jul30,7/30/2007 0:00:00,7/30/2007 0:00:00
Ozark National Scenic Riverways,OZRS,OZRSSPRNGS2007Jul23,2007,7/23/2007 0:00:00,8/1/2007 0:00:00,OZRSSPRNGS2007Jul23,7/23/2007 0:00:00,7/26/2007 0:00:00
Ozark National Scenic Riverways,OZRS,OZRSSPRNGS2007Jul23,2007,7/23/2007 0:00:00,8/1/2007 0:00:00,OZRSSPRNGS2007Jul25,7/25/2007 0:00:00,7/25/2007 0:00:00
Ozark National Scenic Riverways,OZRS,OZRSSPRNGS2007Jul23,2007,7/23/2007 0:00:00,8/1/2007 0:00:00,OZRSSPRNGS2007Jul24,7/24/2007 0:00:00,7/25/2007 0:00:00
Ozark National Scenic Riverways,OZRS,OZRSSPRNGS2008Jul21,2008,7/21/2008 0:00:00,7/25/2008 0:00:00,OZRSSPRNGS2008Jul21,7/21/2008 0:00:00,7/22/2008 0:00:00
Ozark National Scenic Riverways,OZRS,OZRSSPRNGS2008Jul21,2008,7/21/2008 0:00:00,7/25/2008 0:00:00,OZRSSPRNGS2008Jul22,7/22/2008 0:00:00,7/23/2008 0:00:00
Ozark National Scenic Riverways,OZRS,OZRSSPRNGS2008Jul21,2008,7/21/2008 0:00:00,7/25/2008 0:00:00,OZRSSPRNGS2008Jul23,7/23/2008 0:00:00,7/23/2008 0:00:00
Ozark National Scenic Riverways,OZRS,OZRSSPRNGS2008Jul21,2008,7/21/2008 0:00:00,7/25/2008 0:00:00,OZRSSPRNGS2008Jul24,7/24/2008 0:00:00,7/24/2008 0:00:00
Ozark National Scenic Riverways,OZRS,OZRSSPRNGS2008Jul21,2008,7/21/2008 0:00:00,7/25/2008 0:00:00,OZRSSPRNGS2008Jul25,7/25/2008 0:00:00,7/25/2008 0:00:00
Ozark National Scenic Riverways,OZRS,OZRSSPRNGS2009Aug25,2009,8/25/2009 0:00:00,8/25/2009 0:00:00,OZRSSPRNGS2009Aug25,8/25/2009 0:00:00,8/25/2009 0:00:00
Ozark National Scenic Riverways,OZRS,OZRSSPRNGS2009Jul27,2009,7/27/2009 0:00:00,8/7/2009 0:00:00,OZRSSPRNGS2009Jul27,7/27/2009 0:00:00,7/28/2009 0:00:00
Ozark National Scenic Riverways,OZRS,OZRSSPRNGS2009Jul27,2009,7/27/2009 0:00:00,8/7/2009 0:00:00,OZRSSPRNGS2009Jul28,7/28/2009 0:00:00,7/29/2009 0:00:00
Ozark National Scenic Riverways,OZRS,OZRSSPRNGS2009Jul27,2009,7/27/2009 0:00:00,8/7/2009 0:00:00,OZRSSPRNGS2009Jul30,7/30/2009 0:00:00,7/30/2009 0:00:00
Ozark National Scenic Riverways,OZRS,OZRSSPRNGS2010Jul26,2010,7/26/2010 0:00:00,7/29/2010 0:00:00,OZRSSPRNGS2010Jul26,7/26/2010 0:00:00,7/27/2010 0:00:00
Ozark National Scenic Riverways,OZRS,OZRSSPRNGS2010Jul26,2010,7/26/2010 0:00:00,7/29/2010 0:00:00,OZRSSPRNGS2010Jul28,7/28/2010 0:00:00,7/28/2010 0:00:00
Ozark National Scenic Riverways,OZRS,OZRSSPRNGS2010Jul26,2010,7/26/2010 0:00:00,7/29/2010 0:00:00,OZRSSPRNGS2010Jul29,7/29/2010 0:00:00,7/29/2010 0:00:00
Ozark National Scenic Riverways,OZRS,OZRSSPRNGS2011Jul25,2011,7/25/2011 0:00:00,7/29/2011 0:00:00,OZRSSPRNGS2011Jul29,7/29/2011 0:00:00,7/29/2011 0:00:00
Ozark National Scenic Riverways,OZRS,OZRSSPRNGS2011Jul25,2011,7/25/2011 0:00:00,7/29/2011 0:00:00,OZRSSPRNGS2011Jul25,7/25/2011 0:00:00,7/26/2011 0:00:00
Ozark National Scenic Riverways,OZRS,OZRSSPRNGS2011Jul25,2011,7/25/2011 0:00:00,7/29/2011 0:00:00,OZRSSPRNGS2011Jul26,7/26/2011 0:00:00,7/27/2011 0:00:00
Ozark National Scenic Riverways,OZRS,OZRSSPRNGS2011Jul25,2011,7/25/2011 0:00:00,7/29/2011 0:00:00,OZRSSPRNGS2011Jul27,7/27/2011 0:00:00,7/27/2011 0:00:00
Ozark National Scenic Riverways,OZRS,OZRSSPRNGS2011Jul25,2011,7/25/2011 0:00:00,7/29/2011 0:00:00,OZRSSPRNGS2011Jul28,7/28/2011 0:00:00,7/28/2011 0:00:00
Ozark National Scenic Riverways,OZRS,OZRSSPRNGS2012Jul23,2012,7/23/2012 0:00:00,7/27/2012 0:00:00,OZRSSPRNGS2012Jul26,7/26/2012 0:00:00,8/8/2012 0:00:00
Ozark National Scenic Riverways,OZRS,OZRSSPRNGS2012Jul23,2012,7/23/2012 0:00:00,7/27/2012 0:00:00,OZRSSPRNGS2012Jul25,7/25/2012 0:00:00,7/25/2012 0:00:00
Ozark National Scenic Riverways,OZRS,OZRSSPRNGS2013Jul29,2013,7/29/2013 0:00:00,9/16/2013 0:00:00,OZRSSPRNGS2013Aug16,8/16/2013 0:00:00,8/16/2013 0:00:00
Ozark National Scenic Riverways,OZRS,OZRSSPRNGS2013Jul29,2013,7/29/2013 0:00:00,9/16/2013 0:00:00,OZRSSPRNGS2013Jul29,7/29/2013 0:00:00,9/6/2013 0:00:00
Ozark National Scenic Riverways,OZRS,OZRSSPRNGS2013Jul29,2013,7/29/2013 0:00:00,9/16/2013 0:00:00,OZRSSPRNGS2013Sep04,9/4/2013 0:00:00,9/4/2013 0:00:00
Ozark National Scenic Riverways,OZRS,OZRSSPRNGS2014Jul28,2014,7/28/2014 0:00:00,7/31/2014 0:00:00,OZRSSPRNGS2014Jul28,7/28/2014 0:00:00,7/29/2014 0:00:00
Ozark National Scenic Riverways,OZRS,OZRSSPRNGS2014Jul28,2014,7/28/2014 0:00:00,7/31/2014 0:00:00,OZRSSPRNGS2014Jul29,7/29/2014 0:00:00,7/30/2014 0:00:00
Ozark National Scenic Riverways,OZRS,OZRSSPRNGS2015Jul27,2015,7/27/2015 0:00:00,8/6/2015 0:00:00,OZRSSPRNGS2015Aug06,8/6/2015 0:00:00,8/6/2015 0:00:00
Ozark National Scenic Riverways,OZRS,OZRSSPRNGS2015Jul27,2015,7/27/2015 0:00:00,8/6/2015 0:00:00,OZRSSPRNGS2015Jul28,7/28/2015 0:00:00,7/29/2015 0:00:00
Ozark National Scenic Riverways,OZRS,OZRSSPRNGS2016Jul25,2016,7/25/2016 0:00:00,7/28/2016 0:00:00,OZRSSPRNGS2016Jul25,7/25/2016 0:00:00,7/26/2016 0:00:00
Ozark National Scenic Riverways,OZRS,OZRSSPRNGS2016Jul25,2016,7/25/2016 0:00:00,7/28/2016 0:00:00,OZRSSPRNGS2016Jul27,7/27/2016 0:00:00,7/27/2016 0:00:00
Ozark National Scenic Riverways,OZRS,OZRSSPRNGS2017Jul24,2017,7/24/2017 0:00:00,7/27/2017 0:00:00,OZRSSPRNGS2017Jul24,7/24/2017 0:00:00,7/24/2017 0:00:00
Ozark National Scenic Riverways,OZRS,OZRSSPRNGS2018Jul23,2018,7/23/2018 0:00:00,7/26/2018 0:00:00,OZRSSPRNGS2018Jul23,7/23/2018 0:00:00,7/23/2018 0:00:00
Ozark National Scenic Riverways,OZRS,OZRSSPRNGS2018Jul23,2018,7/23/2018 0:00:00,7/26/2018 0:00:00,OZRSSPRNGS2018Jul24,7/24/2018 0:00:00,7/24/2018 0:00:00
Ozark National Scenic Riverways,OZRS,OZRSSPRNGS2019Jul29,2019,7/29/2019 0:00:00,9/5/2019 0:00:00,OZRSSPRNGS2019Jul29,7/29/2019 0:00:00,7/29/2019 0:00:00
Ozark National Scenic Riverways,OZRS,OZRSSPRNGS2019Jul29,2019,7/29/2019 0:00:00,9/5/2019 0:00:00,OZRSSPRNGS2019Sep05,9/5/2019 0:00:00,9/5/2019 0:00:00
Ozark National Scenic Riverways,OZRS,OZRSSPRNGS2020Jul29,2020,7/29/2020 0:00:00,8/3/2020 0:00:00,OZRSSPRNGS2020Jul29,7/29/2020 0:00:00,8/3/2020 0:00:00
Ozark National Scenic Riverways,OZRS,OZRSSPRNGS2021Aug03,2021,8/3/2021 0:00:00,8/6/2021 0:00:00,OZRSSPRNGS2021Aug05,8/5/2021 0:00:00,8/5/2021 0:00:00
Ozark National Scenic Riverways,OZRS,OZRSSPRNGS2021Aug03,2021,8/3/2021 0:00:00,8/6/2021 0:00:00,OZRSSPRNGS2021Aug03,8/3/2021 0:00:00,8/3/2021 0:00:00
Ozark National Scenic Riverways,OZRS,OZRSSPRNGS2022Jul27,2022,7/27/2022 0:00:00,8/3/2022 0:00:00,OZRSSPRNGS2022Jul28,7/28/2022 0:00:00,7/28/2022 0:00:00
Ozark National Scenic Riverways,OZRS,OZRSSPRNGS2022Jul27,2022,7/27/2022 0:00:00,8/3/2022 0:00:00,OZRSSPRNGS2022Jul27,7/27/2022 0:00:00,7/27/2022 0:00:00
Ozark National Scenic Riverways,OZRS,OZRSSPRNGS2022Jul27,2022,7/27/2022 0:00:00,8/3/2022 0:00:00,OZRSSPRNGS2022Aug03,8/3/2022 0:00:00,8/3/2022 0:00:00
Ozark National Scenic Riverways,OZRS,OZRSSPRNGS2023Aug01,2023,8/1/2023 0:00:00,8/2/2023 0:00:00,OZRSSPRNGS2023Aug01,8/1/2023 0:00:00,8/1/2023 0:00:00
Ozark National Scenic Riverways,OZRS,OZRSSPRNGS2023Aug01,2023,8/1/2023 0:00:00,8/2/2023 0:00:00,OZRSSPRNGS2023Aug02,8/2/2023 0:00:00,8/2/2023 0:00:00
Pea Ridge National Military Park,PERI,PERIAqubug2009May01,2009,5/1/2009 0:00:00,5/1/2009 0:00:00,PERIAqubug2009May01,5/1/2009 0:00:00,5/1/2009 0:00:00
Pea Ridge National Military Park,PERI,PERIAqubug2009May04,2009,5/4/2009 0:00:00,5/4/2009 0:00:00,PERIAqubug2009May04,5/4/2009 0:00:00,5/4/2009 0:00:00
Pea Ridge National Military Park,PERI,PERIAqubug2010May12,2010,5/12/2010 0:00:00,5/12/2010 0:00:00,PERIAqubug2010May12,5/12/2010 0:00:00,5/12/2010 0:00:00
Pea Ridge National Military Park,PERI,PERIAqubug2012May01,2012,5/1/2012 0:00:00,5/1/2012 0:00:00,PERIAqubug2012May01,5/1/2012 0:00:00,5/1/2012 0:00:00
Pea Ridge National Military Park,PERI,PERIAqubug2015May05,2015,5/5/2015 0:00:00,5/5/2015 0:00:00,PERIAquBug2015May05,5/5/2015 0:00:00,5/5/2015 0:00:00
Pea Ridge National Military Park,PERI,PERIAquBug2018May07,2018,5/7/2018 0:00:00,5/7/2018 0:00:00,PERIAquBug2018May07,5/7/2018 0:00:00,5/7/2018 0:00:00
Pea Ridge National Military Park,PERI,PERIAquBug2021May06,2021,5/6/2021 0:00:00,5/10/2021 0:00:00,PERIAquBug2021May10,5/10/2021 0:00:00,5/10/2021 0:00:00
Pea Ridge National Military Park,PERI,PERIAquBug2021May06,2021,5/6/2021 0:00:00,5/10/2021 0:00:00,PERIAquBug2021May06,5/6/2021 0:00:00,5/6/2021 0:00:00
Pipestone National Monument,PIPE,PIPEAqubug2006Aug09,2006,8/9/2006 0:00:00,3/9/2007 0:00:00,PIPEAqubug2006Aug09,8/9/2006 0:00:00,8/9/2006 0:00:00
Pipestone National Monument,PIPE,PIPEAqubug2006Aug11,2006,8/11/2006 0:00:00,8/11/2006 0:00:00,PIPEAqubug2006Aug11,8/11/2006 0:00:00,8/11/2006 0:00:00
Pipestone National Monument,PIPE,PIPEAqubug2007Aug28,2007,8/28/2007 0:00:00,8/28/2007 0:00:00,PIPEAqubug2007Aug28,8/28/2007 0:00:00,8/28/2007 0:00:00
Pipestone National Monument,PIPE,PIPEAqubug2010Aug31,2010,8/31/2010 0:00:00,8/31/2010 0:00:00,PIPEAqubug2010Aug31,8/31/2010 0:00:00,8/31/2010 0:00:00
Pipestone National Monument,PIPE,PIPEAqubug2013Sep12,2013,9/12/2013 0:00:00,9/12/2013 0:00:00,PIPEAquBug2013Sep12,9/12/2013 0:00:00,9/12/2013 0:00:00
Pipestone National Monument,PIPE,PIPEAquBug2016Sep09,2016,9/9/2016 0:00:00,9/9/2016 0:00:00,PIPEAquBug2016Sep09,9/9/2016 0:00:00,9/9/2016 0:00:00
Pipestone National Monument,PIPE,PIPEAquBug2021Aug26,2021,8/26/2021 0:00:00,8/26/2021 0:00:00,PIPEAquBug2021Aug26,8/26/2021 0:00:00,8/26/2021 0:00:00
Pipestone National Monument,PIPE,PIPEAquBug2022Aug18,2022,8/18/2022 0:00:00,8/18/2022 0:00:00,PIPEAquBug2022Aug18,8/18/2022 0:00:00,8/18/2022 0:00:00
Tallgrass Prairie National Preserve,TAPR,TAPRAqubug2009Sep01,2009,9/1/2009 0:00:00,3/1/2007 0:00:00,TAPRAqubug2009Sep01,9/1/2009 0:00:00,9/1/2009 0:00:00
Tallgrass Prairie National Preserve,TAPR,TAPRAqubug2009Sep02,2009,9/2/2009 0:00:00,9/2/2009 0:00:00,TAPRAqubug2009Sep02,9/2/2009 0:00:00,9/2/2009 0:00:00
Tallgrass Prairie National Preserve,TAPR,TAPRAqubug2013Apr23,2013,4/23/2013 0:00:00,4/23/2013 0:00:00,TAPRAqubug2013Apr23,4/23/2013 0:00:00,4/23/2013 0:00:00
Tallgrass Prairie National Preserve,TAPR,TAPRAqubug2015Apr29,2015,4/29/2015 0:00:00,4/29/2015 0:00:00,TAPRAquBug2015Apr29,4/29/2015 0:00:00,4/29/2015 0:00:00
Tallgrass Prairie National Preserve,TAPR,TAPRAquBug2018May03,2018,5/3/2018 0:00:00,5/4/2018 0:00:00,TAPRAquBug2018May03,5/3/2018 0:00:00,5/3/2018 0:00:00
Tallgrass Prairie National Preserve,TAPR,TAPRAquBug2018May03,2018,5/3/2018 0:00:00,5/4/2018 0:00:00,TAPRAquBug2018May04,5/4/2018 0:00:00,5/4/2018 0:00:00
Wilson's Creek National Battlefield,WICR,WICRAqubug2006Jun13,2006,6/13/2006 0:00:00,6/13/2006 0:00:00,WICRAqubug2006Jun13,6/13/2006 0:00:00,6/13/2006 0:00:00
Wilson's Creek National Battlefield,WICR,WICRAqubug2006Jun14,2006,6/14/2006 0:00:00,6/14/2006 0:00:00,WICRAqubug2006Jun14,6/14/2006 0:00:00,6/14/2006 0:00:00
Wilson's Creek National Battlefield,WICR,WICRAqubug2007Jul15,2007,7/15/2007 0:00:00,7/15/2007 0:00:00,WICRAqubug2007Jul15,7/15/2007 0:00:00,7/15/2007 0:00:00
Wilson's Creek National Battlefield,WICR,WICRAqubug2007Jun22,2007,6/22/2007 0:00:00,6/22/2007 0:00:00,WICRAqubug2007Jun22,6/22/2007 0:00:00,6/22/2007 0:00:00
Wilson's Creek National Battlefield,WICR,WICRAqubug2010May03,2010,5/3/2010 0:00:00,5/3/2010 0:00:00,WICRAqubug2010May03,5/3/2010 0:00:00,5/3/2010 0:00:00
Wilson's Creek National Battlefield,WICR,WICRAqubug2013May06,2013,5/6/2013 0:00:00,5/6/2013 0:00:00,WICRAqubug2013May06,5/6/2013 0:00:00,5/6/2013 0:00:00
Wilson's Creek National Battlefield,WICR,WICRAquBug2016May04,2016,5/4/2016 0:00:00,5/4/2016 0:00:00,WICRAquBug2016May04,5/4/2016 0:00:00,5/4/2016 0:00:00
Wilson's Creek National Battlefield,WICR,WICRAquBug2019Jun03,2019,6/3/2019 0:00:00,6/11/2019 0:00:00,WICRAquBug2019Jun03,6/3/2019 0:00:00,6/3/2019 0:00:00
Wilson's Creek National Battlefield,WICR,WICRAquBug2019Jun03,2019,6/3/2019 0:00:00,6/11/2019 0:00:00,WICRAquBug2019Jun11,6/11/2019 0:00:00,6/11/2019 0:00:00
Wilson's Creek National Battlefield,WICR,WICRAquBug2022Jun02,2022,6/2/2022 0:00:00,6/14/2022 0:00:00,WICRAquBug2022Jun14,6/14/2022 0:00:00,6/14/2022 0:00:00
Wilson's Creek National Battlefield,WICR,WICRAquBug2022Jun02,2022,6/2/2022 0:00:00,6/14/2022 0:00:00,WICRAquBug2022Jun02,6/2/2022 0:00:00,6/2/2022 0:00:00
Wilson's Creek National Battlefield,WICR,WICRAquBug2022Jun02,2022,6/2/2022 0:00:00,6/14/2022 0:00:00,WICRAquBug2022Jun09,6/9/2022 0:00:00,6/9/2022 0:00:00
